Banco,Data operação,Tipo de ativo,Nome ativo,C/V,Preço operação,Qnt,Valor total,Preço médio,Lucro,Imposto,Observação,F sup
Nuinvest,07/06/2024,FII,ALZR11,C,"R$ 107,43",2,"R$ 214,86",,,,,"R$ 0,00"
Inter,07/06/2024,FII,ALZR11,C,"R$ 107,43",1,"R$ 107,43",,,,,"R$ 0,00"
Inter,07/06/2024,Tesouro,LFTS11,C,"R$ 120,19",8,"R$ 961,52",,,,,"R$ 0,00"
Nuinvest,28/05/2024,Tesouro,LFTS11,C,"R$ 119,86",40,"R$ 4.794,40",,,,,"R$ 0,00"
Nuinvest,20/05/2024,Tesouro,LFTS11,V,"R$ 119,59",42,"R$ 5.022,78","R$ 116,05","R$ 148,85",,,"R$ 4.873,93"
Nuinvest,20/05/2024,Ação,SLCE3,V,"R$ 18,57",54,"R$ 1.002,78","R$ 19,48","-R$ 49,14","-R$ 7,37",,"R$ 1.051,92"
Nuinvest,20/05/2024,USD,SPXI11,V,"R$ 294,18",3,"R$ 882,54","R$ 225,51","R$ 206,01","R$ 30,90",,"R$ 676,53"
Nuinvest,20/05/2024,Tesouro,Prefixado 2029,V,"R$ 602,43","3,41","R$ 2.054,29","R$ 551,13","R$ 174,94",,,"R$ 1.879,34"
Nuinvest,15/05/2024,Tesouro,Prefixado 2029,V,"R$ 606,37","5,06","R$ 3.068,23","R$ 551,13","R$ 279,53",,,"R$ 2.788,70"
Inter,13/05/2024,FII,HGRU11,V,"R$ 129,26",7,"R$ 904,82","R$ 139,27","-R$ 70,07","-R$ 14,01",,"R$ 974,89"
Inter,13/05/2024,FII,ALZR11,C,"R$ 112,88",3,"R$ 338,64",,,,,"R$ 0,00"
Nuinvest,13/05/2024,FII,ALZR11,C,"R$ 112,89",6,"R$ 677,34",,,,,"R$ 0,00"
Nuinvest,13/05/2024,FII,HSML11,V,"R$ 97,09",21,"R$ 2.038,89","R$ 92,80","R$ 90,14","R$ 18,03",,"R$ 1.948,75"
Nuinvest,09/05/2024,Tesouro,Prefixado 2029,V,"R$ 602,58","2,08","R$ 1.253,37","R$ 551,13","R$ 107,02",,,"R$ 1.146,34"
Inter,09/05/2024,Ação,SUZB3,C,"R$ 52,62",7,"R$ 368,34",,,,,"R$ 0,00"
Inter,09/05/2024,Ação,BBAS3,C,"R$ 27,23",12,"R$ 326,76",,,,,"R$ 0,00"
Inter,08/05/2024,USD,BIL,C,"R$ 465,84",3,"R$ 1.397,51",,,,,"R$ 0,00"
Inter,08/05/2024,USD,IBIT,C,"R$ 181,41",7,"R$ 1.269,85",,,,,"R$ 0,00"
Inter,02/05/2024,Ação,ROMI3,C,"R$ 10,32",30,"R$ 309,60",,,,,"R$ 0,00"
Inter,02/05/2024,FII,HGPO11,C,"R$ 301,52",2,"R$ 603,04",,,,,"R$ 0,00"
Inter,02/05/2024,Ação,ITSA4,C,"9,73",31,"R$ 301,63",,,,,"R$ 0,00"
Inter,02/05/2024,Tesouro,Selic 2029,C,"R$ 14.688,59","0,07","R$ 1.028,20",,,,,"R$ 0,00"
Nuinvest,30/04/2024,Ação,CMIG4,C,"R$ 0,00",144,"R$ 0,00",,,,Desdobramento de 30%,"R$ 0,00"
Inter,30/04/2024,Ação,CMIG4,C,"R$ 0,00",29,"R$ 0,00",,,,,"R$ 0,00"
Nuinvest,26/04/2024,Ação,SLCE3,V,"R$ 18,81",5,"R$ 94,05","R$ 19,48","-R$ 3,35","-R$ 0,50",,"R$ 97,40"
Inter,26/04/2024,Tesouro,Selic 2029,C,"R$ 14.665,00","0,04","R$ 586,60",,,,,"R$ 0,00"
Inter,26/04/2024,Ação,ITSA4,C,"R$ 9,72",21,"R$ 204,12",,,,,"R$ 0,00"
Inter,26/04/2024,Ação,ROMI3,C,"R$ 10,41",29,"R$ 301,89",,,,,"R$ 0,00"
Nuinvest,20/04/2024,Ação,GGBR4,C,"R$ 0,00",52,"R$ 0,00",,,,Desdobramento de 20%,"R$ 0,00"
Inter,20/04/2024,Ação,GGBR4,C,"R$ 0,00",10,"R$ 0,00",,,,,"R$ 0,00"
Nuinvest,15/04/2024,Tesouro,Prefixado 2029,V,"R$ 619,19","1,03","R$ 637,77","R$ 551,13","R$ 70,10",,DARF Março,"R$ 567,66"
Nuinvest,15/04/2024,USD,SPXI11,V,"R$ 284,29",3,"R$ 852,87","R$ 225,51","R$ 176,34","R$ 26,45",,"R$ 676,53"
Nuinvest,15/04/2024,Ação,BBDC4,V,"R$ 13,99",36,"R$ 503,64","R$ 15,86","-R$ 67,32","-R$ 10,10",Ações : Isento,"R$ 570,96"
Nuinvest,15/04/2024,Ação,SUZB3,V,"R$ 60,94",7,"R$ 426,58","R$ 51,79","R$ 64,06","R$ 9,61",ETF :,"R$ 362,52"
Nuinvest,15/04/2024,FII,HGLG11,V,"R$ 165,32",3,"R$ 495,96","R$ 161,98","R$ 10,01","R$ 2,00","R$ 78,56","R$ 485,95"
Nuinvest,15/04/2024,FII,HSML11,V,"R$ 98,04",2,"R$ 196,08","R$ 92,80","R$ 10,48","R$ 2,10",FII,"R$ 185,60"
Nuinvest,10/04/2024,FII,BODB11,C,"R$ 9,39",213,"R$ 2.000,07",,,,"R$ 4,10","R$ 0,00"
Nuinvest,10/04/2024,Tesouro,LFTS11,C,"R$ 118,32",13,"R$ 1.538,16",,,,,"R$ 0,00"
Nuinvest,10/04/2024,USD,SPXI11,V,"R$ 283,41",6,"R$ 1.700,46","R$ 225,51","R$ 347,40","R$ 52,11",,"R$ 1.353,06"
Nuinvest,10/04/2024,Ação,VALE3,C,"R$ 61,54",13,"R$ 800,02",,,,,"R$ 0,00"
Nuinvest,10/04/2024,Ação,SLCE3,V,"R$ 19,69",51,"R$ 1.004,19","R$ 19,48","R$ 10,71","R$ 1,61",,"R$ 993,48"
Nuinvest,10/04/2024,Ação,BBDC4,V,"R$ 14,40",104,"R$ 1.497,60","R$ 15,86","-R$ 151,84","-R$ 22,78",,"R$ 1.649,44"
Inter,05/04/2024,FII,TRXF11,C,"R$ 109,19",7,"R$ 764,33",,,,,"R$ 0,00"
Inter,05/04/2024,FII,CLIN11,C,"R$ 98,38",1,"R$ 98,38",,,,,"R$ 0,00"
Inter,05/04/2024,FII,BODB11,C,"R$ 9,38",48,"R$ 450,24",,,,,"R$ 0,00"
Inter,02/04/2024,FII,BODB11,C,"R$ 9,36",49,"R$ 458,64",,,,,"R$ 0,00"
Inter,02/04/2024,FII,CPTI11,V,"R$ 100,55",9,"R$ 904,95","R$ 100,00","R$ 4,95","R$ 0,99",Isento,"R$ 900,00"
Nuinvest,02/04/2024,FII,BODB11,C,"R$ 9,37",214,"R$ 2.005,18",,,,,"R$ 0,00"
Nuinvest,02/04/2024,FII,CLIN11,C,"R$ 96,72",42,"R$ 4.062,24",,,,,"R$ 0,00"
Nuinvest,02/04/2024,FII,CPTI11,V,"R$ 100,51",41,"R$ 4.120,91","R$ 99,72","R$ 32,39","R$ 6,48",Isento,"R$ 4.088,52"
Inter,01/04/2024,USD,IBIT,C,"R$ 198,16",6,"R$ 1.188,97",,,,,"R$ 0,00"
Inter,01/04/2024,Tesouro,IPCA+ 2045,C,"R$ 1.276,14","0,32","R$ 408,36",,,,,"R$ 0,00"
Inter,01/04/2024,Tesouro,Selic 2029,C,"R$ 14.551,04","0,03","R$ 436,53",,,,,"R$ 0,00"
Inter,01/04/2024,Ação,CMIG4,C,"R$ 12,62",12,"R$ 151,44",,,,,"R$ 0,00"
Inter,01/04/2024,Ação,ITSA4,C,"R$ 10,48",29,"R$ 303,92",,,,,"R$ 0,00"
Inter,01/04/2024,Ação,SLCE3,V,"R$ 19,83",6,"R$ 118,98","R$ 19,22","R$ 3,63","R$ 0,54",,"R$ 115,35"
Inter,01/04/2024,Ação,TRPL4,C,"R$ 25,03",6,"R$ 150,18",,,,,"R$ 0,00"
Inter,01/04/2024,Ação,VALE3,C,"R$ 61,85",5,"R$ 309,25",,,,,"R$ 0,00"
Inter,26/03/2024,FII,CLIN11,C,"R$ 96,19",9,"R$ 865,71",,,,DARF Março,"R$ 0,00"
Inter,26/03/2024,FII,TRXF11,C,"R$ 109,19",1,"R$ 109,19",,,,,"R$ 0,00"
Inter,26/03/2024,FII,TRXF11,V,"R$ 111,30",6,"R$ 667,80","R$ 111,09","R$ 1,26","R$ 0,25",Ações : Isento,"R$ 666,54"
Inter,26/03/2024,Ação,VALE3,C,"R$ 60,07",3,"R$ 180,21",,,,ETF :,"R$ 0,00"
Inter,26/03/2024,Ação,ROMI3,C,"R$ 12,93",11,"R$ 142,23",,,,"R$ 43,14","R$ 0,00"
Inter,26/03/2024,Ação,SLCE3,C,"R$ 19,59",7,"R$ 137,13",,,,FII,"R$ 0,00"
Inter,26/03/2024,Ação,SLCE3,C,"R$ 19,59",9,"R$ 176,31",,,,"R$ 29,57","R$ 0,00"
Inter,26/03/2024,Tesouro,IPCA+ 2045,C,"R$ 1.274,56","0,12","R$ 152,95",,,,Status: Pago,"R$ 0,00"
Inter,25/03/2024,FII,KNSC11,V,"R$ 9,15",99,"R$ 905,85","R$ 9,19","-R$ 3,96","-R$ 0,79",,"R$ 909,81"
Inter,25/03/2024,FII,KNIP11,C,"R$ 97,00",10,"R$ 970,00",,,,,"R$ 0,00"
Nuinvest,22/03/2024,FII,RBRR11,V,"R$ 92,26",45,"R$ 4.151,70","R$ 89,34","R$ 131,18","R$ 26,24",,"R$ 4.020,52"
Inter,13/03/2024,USD,TLT,C,"R$ 468,87",2,"R$ 937,74",,,,,"R$ 0,00"
Inter,13/03/2024,FII,TRXF11,C,"R$ 111,09",7,"R$ 777,63",,,,,"R$ 0,00"
Inter,13/03/2024,FII,HGLG11,V,"R$ 167,58",4,"R$ 670,32","R$ 162,74","R$ 19,38","R$ 3,88",,"R$ 650,94"
Inter,06/03/2024,Ação,ROMI3,C,"R$ 12,96",47,"R$ 609,12",,,,,"R$ 0,00"
Inter,06/03/2024,Ação,CIEL3,V,"R$ 5,36",115,"R$ 616,40","R$ 3,66","R$ 195,51","R$ 29,33",,"R$ 420,89"
Nuinvest,06/03/2024,USD,ALUG11,V,"R$ 34,71",4,"R$ 138,84","R$ 33,98","R$ 2,92","R$ 0,44",,"R$ 135,92"
Nuinvest,06/03/2024,USD,SPXI11,V,"R$ 273,16",2,"R$ 546,32","R$ 225,51","R$ 95,30","R$ 14,30",,"R$ 451,02"
Nuinvest,06/03/2024,USD,BITH11,V,"R$ 77,30",7,"R$ 541,10","R$ 50,25","R$ 189,35","R$ 28,40",,"R$ 351,75"
Nuinvest,06/03/2024,Ação,ROMI3,C,"R$ 12,97",324,"R$ 4.202,28",,,,,"R$ 0,00"
Nuinvest,06/03/2024,Ação,CIEL3,V,"R$ 5,35",792,"R$ 4.237,20","R$ 4,69","R$ 521,97","R$ 78,30",,"R$ 3.715,23"
Inter,21/02/2024,Ação,CMIG4,C,"R$ 11,82",18,"R$ 212,76",,,,DARF Fevereiro,"R$ 0,00"
Inter,21/02/2024,Ação,GGBR4,C,"R$ 21,74",9,"R$ 195,66",,,,,"R$ 0,00"
Inter,21/02/2024,Tesouro,Selic 2029,C,"R$ 14.377,02","0,03","R$ 431,31",,,,Ações : Isento,"R$ 0,00"
Nuinvest,15/02/2024,USD,BITH11,V,"R$ 60,70",7,"R$ 424,90","R$ 50,25","R$ 73,15","R$ 10,97",ETF :,"R$ 351,75"
Nuinvest,15/02/2024,Ação,SAPR4,C,"R$ 5,27",88,"R$ 463,76",,,,"R$ 24,21","R$ 0,00"
Nuinvest,15/02/2024,Ação,CMIG4,C,"R$ 11,41",53,"R$ 604,73",,,,FII :,"R$ 0,00"
Nuinvest,15/02/2024,FII,RBRR11,C,"R$ 90,00",1,"R$ 90,00",,,,"R$ 55,72","R$ 0,00"
Nuinvest,15/02/2024,USD,SPXI11,V,"R$ 269,63",2,"R$ 539,26","R$ 225,51","R$ 88,24","R$ 13,24",Status: Pago,"R$ 451,02"
Inter,14/02/2024,FII,KORE11,C,"R$ 108,20",9,"R$ 973,80",,,,,"R$ 0,00"
Inter,14/02/2024,FII,HGLG11,V,"R$ 164,65",4,"R$ 658,60","R$ 162,74","R$ 7,66","R$ 1,53",,"R$ 650,94"
Inter,14/02/2024,FII,HSML11,V,"R$ 96,42",3,"R$ 289,26","R$ 92,59","R$ 11,48","R$ 2,30",,"R$ 277,78"
Nuinvest,14/02/2024,FII,RBRR11,C,"R$ 89,33",44,"R$ 3.930,52",,,,,"R$ 0,00"
Nuinvest,14/02/2024,FII,KORE11,C,"R$ 108,00",38,"R$ 4.104,00",,,,,"R$ 0,00"
Nuinvest,14/02/2024,FII,HGLG11,V,"R$ 164,69",13,"R$ 2.140,97","R$ 161,98","R$ 35,18","R$ 7,04",,"R$ 2.105,79"
Nuinvest,14/02/2024,FII,HGRE11,V,"R$ 132,09",15,"R$ 1.981,35","R$ 134,94","-R$ 42,75","-R$ 8,55",,"R$ 2.024,10"
Nuinvest,09/02/2024,FII,TRXF11,C,"R$ 111,14",37,"R$ 4.112,18",,,,,"R$ 0,00"
Nuinvest,09/02/2024,FII,RBVA11,V,"R$ 113,10",36,"R$ 4.071,60","R$ 104,83","R$ 297,73","R$ 59,55",,"R$ 3.773,87"
Nuinvest,09/02/2024,Tesouro,LFTS11,V,"R$ 116,38",10,"R$ 1.163,80","R$ 115,43","R$ 9,50",,,"R$ 1.154,30"
Inter,07/02/2024,FII,HSML11,C,"R$ 97,36",4,"R$ 389,44",,,,,"R$ 0,00"
Inter,07/02/2024,FII,HGLG11,C,"R$ 164,94",2,"R$ 329,88",,,,,"R$ 0,00"
Inter,07/02/2024,Tesouro,IPCA+ 2045,C,"R$ 1.269,98","0,79","R$ 1.003,28",,,,,"R$ 0,00"
Inter,05/02/2024,FII,KNCA11,V,"R$ 103,98",9,"R$ 935,82","R$ 104,75","-R$ 6,93","-R$ 1,39",,"R$ 942,75"
Inter,05/02/2024,FII,CPTI11,C,"R$ 100,00",9,"R$ 900,00",,,,,"R$ 0,00"
Nuinvest,05/02/2024,FII,KNCA11,V,"R$ 103,98",39,"R$ 4.055,22","R$ 104,59","-R$ 23,79","-R$ 4,76",,"R$ 4.079,01"
Nuinvest,01/02/2024,USD,ALUG11,C,"R$ 33,98",240,"R$ 8.155,20",,,,,"R$ 0,00"
Nuinvest,31/01/2024,USD,ALUG11,V,"R$ 34,09",230,"R$ 7.840,70","R$ 34,95","-R$ 197,19","-R$ 29,58",DARF Janeiro,"R$ 8.037,89"
Nuinvest,25/01/2024,Ação,SLCE3,C,"R$ 19,48",206,"R$ 4.012,88",,,,,"R$ 0,00"
Nuinvest,25/01/2024,Ação,PSSA3,V,"R$ 27,24",115,"R$ 3.132,60","R$ 27,84","-R$ 69,50","-R$ 10,42",Ações : Isento,"R$ 3.202,10"
Nuinvest,25/01/2024,Tesouro,LFTS11,V,"R$ 115,78",10,"R$ 1.157,80","R$ 115,43","R$ 3,50",,"ETF : 69,17","R$ 1.154,30"
Inter,23/01/2024,Ação,CMIG4,C,"R$ 11,56",13,"R$ 150,28",,,,"FII : 63,29","R$ 0,00"
Inter,23/01/2024,Ação,GGBR4,C,"R$ 21,25",5,"R$ 106,25",,,,Status : PAGO,"R$ 0,00"
Inter,23/01/2024,Ação,SLCE3,C,"R$ 19,02",25,"R$ 475,50",,,,,"R$ 0,00"
Inter,23/01/2024,Ação,SLCE3,C,"R$ 19,04",4,"R$ 76,16",,,,,"R$ 0,00"
Nuinvest,22/01/2024,Tesouro,Selic 2029,C,"R$ 14.254,11","0,21","R$ 2.993,36",,,,,"R$ 0,00"
Nuinvest,19/01/2024,Tesouro,Selic 2029,C,"R$ 14.247,56","0,36","R$ 5.129,12",,,,,"R$ 0,00"
Nuinvest,19/01/2024,Tesouro,LFTS11,V,"R$ 115,66",19,"R$ 2.197,54","R$ 115,43","R$ 4,37",,,"R$ 2.193,17"
Inter,18/01/2024,FII,HSML11,C,"R$ 94,34",1,"R$ 94,34",,,,,"R$ 0,00"
Nuinvest,18/01/2024,FII,HSML11,C,"R$ 94,34",23,"R$ 2.169,82",,,,,"R$ 0,00"
Nuinvest,16/01/2024,USD,SPXI11,V,"R$ 253,00",22,"R$ 5.566,00","R$ 225,51","R$ 604,79","R$ 90,72",ETF Janeiro,"R$ 4.961,21"
Nuinvest,16/01/2024,Tesouro,Selic 2029,C,"R$ 14.227,82","1,2","R$ 17.073,38",,,,,"R$ 0,00"
Nuinvest,15/01/2024,USD,SPXI11,V,"R$ 252,29",2,"R$ 504,58","R$ 225,51","R$ 53,56","R$ 8,03",ETF Janeiro,"R$ 451,02"
Nuinvest,15/01/2024,USD,ALUG11,C,"R$ 34,94",61,"R$ 2.131,34",,,,,"R$ 0,00"
Nuinvest,15/01/2024,USD,ALUG11,C,"R$ 34,95",169,"R$ 5.906,55",,,,,"R$ 0,00"
Nuinvest,15/01/2024,USD,BITH11,C,"R$ 50,25",40,"R$ 2.010,00",,,,,"R$ 0,00"
Nuinvest,15/01/2024,FII,BTCR11,V,"R$ 9,98",410,"R$ 4.091,80","R$ 9,33","R$ 266,30","R$ 53,26",FII janeiro,"R$ 3.825,50"
Nuinvest,15/01/2024,FII,HGRE11,C,"R$ 134,94",15,"R$ 2.024,10",,,,,"R$ 0,00"
Nuinvest,15/01/2024,Tesouro,IPCA+ 2045,C,"R$ 1.300,13","1,54","R$ 2.002,20",,,,,"R$ 0,00"
Inter,15/01/2024,Ação,BBDC4,C,"R$ 15,74",1,"R$ 15,74",,,,,"R$ 0,00"
Inter,15/01/2024,Ação,BBDC4,C,"R$ 15,75",28,"R$ 441,00",,,,,"R$ 0,00"
Inter,15/01/2024,Ação,TRPL4,C,"R$ 26,76",16,"R$ 428,16",,,,,"R$ 0,00"
Inter,15/01/2024,FII,HGRU11,C,"R$ 139,27",7,"R$ 974,89",,,,,"R$ 0,00"
Inter,15/01/2024,FII,JSRE11,V,"R$ 76,68",12,"R$ 920,16","R$ 74,05","R$ 31,56","R$ 6,31",FII Janeiro,"R$ 888,60"
Inter,15/01/2024,FII,KNCA11,C,"R$ 104,75",9,"R$ 942,75",,,,,"R$ 0,00"
Nuinvest,12/01/2024,FII,KNCA11,C,"R$ 104,59",39,"R$ 4.079,01",,,,,"R$ 0,00"
Nuinvest,12/01/2024,Tesouro,LFTS11,C,"R$ 115,43",87,"R$ 10.042,41",,,,,"R$ 0,00"
Nuinvest,12/01/2024,Ação,TRPL4,C,"R$ 26,96",100,"R$ 2.696,00",,,,,"R$ 0,00"
Nuinvest,12/01/2024,Ação,TRPL4,C,"R$ 26,98",49,"R$ 1.322,02",,,,,"R$ 0,00"
Nuinvest,12/01/2024,Ação,VALE3,V,"R$ 71,88",21,"R$ 1.509,48","R$ 68,45","R$ 71,95","R$ 10,79",Isento Janeiro,"R$ 1.437,53"
Nuinvest,12/01/2024,Ação,BBAS3,C,"R$ 27,54",128,"R$ 3.525,12",,,,,"R$ 0,00"
Nuinvest,12/01/2024,Ação,BBDC4,C,"R$ 15,86",253,"R$ 4.012,58",,,,,"R$ 0,00"
Nuinvest,12/01/2024,Ação,CMIG4,C,"R$ 12,11",100,"R$ 1.211,00",,,,,"R$ 0,00"
Nuinvest,12/01/2024,Ação,SUZB3,C,"R$ 53,69",75,"R$ 4.026,75",,,,,"R$ 0,00"
Nuinvest,11/01/2024,Ação,GGBR4,C,"R$ 21,29",38,"R$ 809,02",,,,,"R$ 0,00"
Nuinvest,09/01/2024,FII,HGLG11,C,"R$ 162,00",7,"R$ 1.134,00",,,,,"R$ 0,00"
Nuinvest,08/01/2024,FII,CPTI11,C,"R$ 99,72",41,"R$ 4.088,52",,,,,"R$ 0,00"
Nuinvest,08/01/2024,FII,CVBI11,V,"R$ 93,77",42,"R$ 3.938,34","R$ 90,20","R$ 149,88","R$ 29,98","Soma igual à R$ 6, pagar 3,72 de Darf","R$ 3.788,46"
Nuinvest,08/01/2024,FII,JSRE11,V,"R$ 76,45",20,"R$ 1.529,00","R$ 79,38","-R$ 58,64","-R$ 11,73",,"R$ 1.587,64"
Nuinvest,08/01/2024,FII,JSRE11,V,"R$ 76,46",10,"R$ 764,60","R$ 79,38","-R$ 29,22","-R$ 5,84",,"R$ 793,82"
Nuinvest,08/01/2024,FII,JSRE11,V,"R$ 76,47",11,"R$ 841,17","R$ 79,38","-R$ 32,03","-R$ 6,41",,"R$ 873,20"
Inter,08/01/2024,FII,KNSC11,C,"R$ 9,19",99,"R$ 909,81",,,,,"R$ 0,00"
Nuinvest,05/01/2024,FII,HSML11,V,"R$ 96,20",2,"R$ 192,40","R$ 91,93","R$ 8,54","R$ 1,71","Soma igual a R$0,12","R$ 183,87"
Nuinvest,05/01/2024,FII,JSRE11,V,"R$ 75,42",2,"R$ 150,84","R$ 79,38","-R$ 7,92","-R$ 1,58",,"R$ 158,76"
Nuinvest,05/01/2024,FII,KNSC11,C,"R$ 9,17",437,"R$ 4.007,29",,,,,"R$ 0,00"
Nuinvest,04/01/2024,FII,BCRI11,V,"R$ 75,23",23,"R$ 1.730,29","R$ 78,78","-R$ 81,61","-R$ 16,32","Dia 4 soma igual à -R$1,83 parte 1","R$ 1.811,90"
Nuinvest,04/01/2024,FII,BCRI11,V,"R$ 75,24",4,"R$ 300,96","R$ 78,78","-R$ 14,15","-R$ 2,83",,"R$ 315,11"
Nuinvest,04/01/2024,FII,BCRI11,V,"R$ 75,25",3,"R$ 225,75","R$ 78,78","-R$ 10,59","-R$ 2,12",,"R$ 236,34"
Nuinvest,04/01/2024,FII,BCRI11,V,"R$ 75,27",20,"R$ 1.505,40","R$ 78,78","-R$ 70,17","-R$ 14,03",,"R$ 1.575,57"
Nuinvest,04/01/2024,FII,GGRC11,V,"R$ 113,30",37,"R$ 4.192,10","R$ 117,38","-R$ 151,10","-R$ 30,22",,"R$ 4.343,20"
Nuinvest,04/01/2024,FII,HGCR11,C,"R$ 104,50",39,"R$ 4.075,50",,,,,"R$ 0,00"
Nuinvest,04/01/2024,FII,HGLG11,C,"R$ 161,98",31,"R$ 5.021,38",,,,,"R$ 0,00"
Nuinvest,04/01/2024,FII,JSRE11,V,"R$ 75,75",8,"R$ 606,00","R$ 79,38","-R$ 29,05","-R$ 5,81",,"R$ 635,05"
Nuinvest,04/01/2024,FII,KNCR11,V,"R$ 103,27",40,"R$ 4.130,80","R$ 95,90","R$ 295,00","R$ 59,00",,"R$ 3.835,80"
Inter,04/01/2024,FII,HGCR11,C,"R$ 104,98",9,"R$ 944,82",,,,,"R$ 0,00"
Inter,04/01/2024,FII,HGLG11,C,"R$ 162,00",6,"R$ 972,00",,,,,"R$ 0,00"
Inter,04/01/2024,FII,BCRI11,V,"R$ 75,55",13,"R$ 982,15","R$ 75,42","R$ 1,71","R$ 0,34","Dia 4 soma igual à -R$1,83 parte 2","R$ 980,44"
Inter,04/01/2024,FII,GGRC11,V,"R$ 113,39",8,"R$ 907,12","R$ 116,10","-R$ 21,64","-R$ 4,33",,"R$ 928,76"
Inter,04/01/2024,FII,HSML11,V,"R$ 96,37",2,"R$ 192,74","R$ 89,99","R$ 12,76","R$ 2,55",,"R$ 179,98"
Inter,04/01/2024,FII,KNCR11,V,"R$ 103,32",9,"R$ 929,88","R$ 96,68","R$ 59,72","R$ 11,94",,"R$ 870,16"
Nuinvest,07/12/2023,FII,BCRI11,V,"R$ 67,78",1,"R$ 67,78","R$ 78,78","-R$ 11,00","-R$ 2,20","Soma Igual a -R$0,11","R$ 78,78"
Nuinvest,07/12/2023,FII,BCRI11,V,"R$ 67,79",1,"R$ 67,79","R$ 78,78","-R$ 10,99","-R$ 2,20",,"R$ 78,78"
Nuinvest,07/12/2023,FII,CVBI11,V,"R$ 88,60",1,"R$ 88,60","R$ 90,20","-R$ 1,60","-R$ 0,32",,"R$ 90,20"
Nuinvest,07/12/2023,FII,CVBI11,V,"R$ 88,63",1,"R$ 88,63","R$ 90,20","-R$ 1,57","-R$ 0,31",,"R$ 90,20"
Nuinvest,07/12/2023,FII,HSML11,V,"R$ 92,17",1,"R$ 92,17","R$ 91,93","R$ 0,24","R$ 0,05",,"R$ 91,93"
Nuinvest,07/12/2023,FII,KNCR11,V,"R$ 101,55",2,"R$ 203,10","R$ 95,90","R$ 11,31","R$ 2,26",,"R$ 191,79"
Nuinvest,07/12/2023,FII,RBVA11,V,"R$ 111,35",1,"R$ 111,35","R$ 104,83","R$ 6,52","R$ 1,30",,"R$ 104,83"
Nuinvest,07/12/2023,FII,RBVA11,V,"R$ 111,36",1,"R$ 111,36","R$ 104,83","R$ 6,53","R$ 1,31",,"R$ 104,83"
Nuinvest,09/11/2023,FII,BCRI11,V,"R$ 67,62",1,"R$ 67,62","R$ 78,78","-R$ 11,16","-R$ 2,23","Soma igual a -0,57","R$ 78,78"
Nuinvest,09/11/2023,FII,CVBI11,V,"R$ 91,70",4,"R$ 366,80","R$ 90,20","R$ 5,99","R$ 1,20",,"R$ 360,81"
Nuinvest,09/11/2023,FII,HSML11,V,"R$ 92,51",4,"R$ 370,04","R$ 91,93","R$ 2,31","R$ 0,46",,"R$ 367,73"
Nuinvest,16/10/2023,FII,BCRI11,V,"R$ 68,98",5,"R$ 344,90","R$ 78,78","-R$ 48,99","-R$ 9,80","Soma igual a 0,11","R$ 393,89"
Nuinvest,16/10/2023,FII,BTCR11,V,"R$ 9,83",53,"R$ 520,99","R$ 9,33","R$ 26,47","R$ 5,29",,"R$ 494,52"
Nuinvest,16/10/2023,FII,JSRE11,V,"R$ 72,50",4,"R$ 290,00","R$ 79,38","-R$ 27,53","-R$ 5,51",,"R$ 317,53"
Nuinvest,16/10/2023,FII,KNCR11,V,"R$ 101,72",4,"R$ 406,88","R$ 95,90","R$ 23,30","R$ 4,66",,"R$ 383,58"
Nuinvest,16/10/2023,FII,RBVA11,V,"R$ 111,65",4,"R$ 446,60","R$ 104,83","R$ 27,28","R$ 5,46",,"R$ 419,32"
Nuinvest,16/10/2023,Ação,CMIG4,V,"R$ 12,16",37,"R$ 449,92","R$ 12,49","-R$ 12,28","-R$ 1,84",Isen. 10k Out,"R$ 462,20"
Nuinvest,16/10/2023,Ação,PSSA3,V,"R$ 25,96",23,"R$ 597,08","R$ 27,84","-R$ 43,34","-R$ 6,50",,"R$ 640,42"
Nuinvest,10/10/2023,Ação,PSSA3,V,"R$ 26,52",19,"R$ 503,88","R$ 27,84","-R$ 25,16","-R$ 3,77",,"R$ 529,04"
Nuinvest,10/10/2023,Ação,CIEL3,V,"R$ 3,53",143,"R$ 504,79","R$ 4,69","-R$ 166,01","-R$ 24,90",,"R$ 670,80"
Nuinvest,15/09/2023,Ação,BBAS3,V,"R$ 23,75",38,"R$ 902,50","R$ 23,05","R$ 26,64","R$ 4,00",Isen. 10k Set,"R$ 875,86"
Nuinvest,15/09/2023,Ação,BBAS3,V,"R$ 23,76",4,"R$ 95,02","R$ 23,05","R$ 2,82","R$ 0,42",,"R$ 92,20"
Nuinvest,11/09/2023,Ação,SUZB3,V,"R$ 49,86",20,"R$ 997,20","R$ 44,66","R$ 104,02","R$ 15,60",,"R$ 893,18"
Nuinvest,08/09/2023,Ação,SAPR4,V,"R$ 4,56",440,"R$ 2.006,40","R$ 4,28","R$ 124,73","R$ 18,71",,"R$ 1.881,67"
Nuinvest,01/09/2023,Ação,SAPR4,V,"R$ 4,63",433,"R$ 2.004,79","R$ 4,28","R$ 153,06","R$ 22,96",,"R$ 1.851,73"
Nuinvest,30/08/2023,Ação,BBAS3,V,"R$ 24,04",16,"R$ 384,56","R$ 23,05","R$ 15,78","R$ 2,37",Isen. 10k Ago,"R$ 368,78"
Nuinvest,30/08/2023,Ação,BBAS3,V,"R$ 24,04",4,"R$ 96,16","R$ 23,05","R$ 3,96","R$ 0,59",,"R$ 92,20"
Nuinvest,30/08/2023,Ação,SUZB3,V,"R$ 50,91",10,"R$ 509,10","R$ 44,66","R$ 62,51","R$ 9,38",,"R$ 446,59"
Nuinvest,23/08/2023,Ação,BBAS3,V,"R$ 23,96",142,"R$ 3.402,32","R$ 23,05","R$ 129,38","R$ 19,41",,"R$ 3.272,94"
Nuinvest,23/08/2023,Ação,SUZB3,V,"R$ 49,57",19,"R$ 941,83","R$ 44,66","R$ 93,31","R$ 14,00",,"R$ 848,52"
Nuinvest,18/08/2023,Ação,SUZB3,V,"R$ 50,68",20,"R$ 1.013,60","R$ 44,66","R$ 120,42","R$ 18,06",,"R$ 893,18"
Nuinvest,11/08/2023,ETF,USDB11,V,"R$ 86,52",61,"R$ 5.277,72","R$ 86,15","R$ 22,57","R$ 3,39",Darf setembro,"R$ 5.255,15"
Nuinvest,11/08/2023,ETF,USDB11,V,"R$ 86,53",21,"R$ 1.817,13","R$ 86,15","R$ 7,98","R$ 1,20",,"R$ 1.809,15"
Nuinvest,11/08/2023,Tesouro,Selic 2029,V,"R$ 13.530,84","0,62","R$ 8.389,12","R$ 13.196,55","R$ 207,26",,,"R$ 8.181,86"
Nuinvest,10/08/2023,Tesouro ,Selic 2029,V,"R$ 13.524,20","0,15","R$ 2.028,63","R$ 13.196,55","R$ 49,15",,,"R$ 1.979,48"
Nuinvest,07/08/2023,Ação,BBAS3,V,"R$ 23,68",22,"R$ 520,85","R$ 23,05","R$ 13,78","R$ 2,07",Isen. 10k Ago,"R$ 507,07"
Nuinvest,07/08/2023,Ação,GGBR4,V,"R$ 27,69",17,"R$ 470,73","R$ 25,44","R$ 38,26","R$ 5,74",,"R$ 432,47"
Nuinvest,07/08/2023,Ação,GGBR4,V,"R$ 27,70",1,"R$ 27,70","R$ 25,44","R$ 2,26","R$ 0,34",,"R$ 25,44"
Nuinvest,07/08/2023,Ação,SUZB3,V,"R$ 50,41",60,"R$ 3.024,60","R$ 44,66","R$ 345,06","R$ 51,76",,"R$ 2.679,54"
Nuinvest,07/08/2023,Ação,VALE3,V,"R$ 68,06",7,"R$ 476,42","R$ 68,45","-R$ 2,76","-R$ 0,41",,"R$ 479,18"
Nuinvest,07/08/2023,Ação,VALE3,V,"R$ 68,07",1,"R$ 68,07","R$ 68,45","-R$ 0,38","-R$ 0,06",,"R$ 68,45"
Nuinvest,07/08/2023,Tesouro,Selic 2026,V,"R$ 13.599,86","1,95","R$ 26.519,73","R$ 13.222,13","R$ 736,58",,,"R$ 25.783,15"
Nuinvest,30/07/2023,Tesouro,Selic 2026,V,"R$ 13.564,23","0,3","R$ 4.069,27","R$ 13.222,13","R$ 102,63",,,"R$ 3.966,64"
Nuinvest,21/07/2023,Ação,BBAS3,C,"R$ 24,38",44,"R$ 1.072,72",,,,,"R$ 0,00"
Nuinvest,21/07/2023,Ação,BBAS3,C,"R$ 24,38",4,"R$ 97,50",,,,,"R$ 0,00"
Nuinvest,21/07/2023,Ação,BBAS3,C,"R$ 24,30",4,"R$ 97,20",,,,,"R$ 0,00"
Nuinvest,21/07/2023,Ação,BBAS3,C,"R$ 24,29",18,"R$ 437,13",,,,,"R$ 0,00"
Nuinvest,21/07/2023,Ação,BBAS3,C,"R$ 24,28",62,"R$ 1.505,36",,,,,"R$ 0,00"
Nuinvest,21/07/2023,Ação,GGBR4,C,"R$ 27,08",115,"R$ 3.114,20",,,,,"R$ 0,00"
Nuinvest,21/07/2023,Ação,SUZB3,C,"R$ 44,02",31,"R$ 1.364,62",,,,,"R$ 0,00"
Nuinvest,21/07/2023,Ação,SUZB3,C,"R$ 44,03",15,"R$ 660,45",,,,,"R$ 0,00"
Nuinvest,21/07/2023,Ação,VALE3,C,"R$ 67,54",10,"R$ 675,40",,,,,"R$ 0,00"
Nuinvest,21/07/2023,Ação,VALE3,C,"R$ 67,53",10,"R$ 675,30",,,,,"R$ 0,00"
Nuinvest,21/07/2023,Ação,VALE3,C,"R$ 67,52",10,"R$ 675,20",,,,,"R$ 0,00"
Nuinvest,21/07/2023,Ação,VALE3,C,"R$ 67,57",18,"R$ 1.216,26",,,,,"R$ 0,00"
Nuinvest,21/07/2023,FII,RBVA11,C,"R$ 108,52",1,"R$ 108,52",,,,,"R$ 0,00"
Nuinvest,21/07/2023,ETF,SPXI11,C,"R$ 233,75",11,"R$ 2.571,25",,,,,"R$ 0,00"
Nuinvest,21/07/2023,ETF,USDB11,C,"R$ 86,15",82,"R$ 7.064,30",,,,,"R$ 0,00"
Nuinvest,20/07/2023,Ação,CMIG4,C,"R$ 12,34",126,"R$ 1.554,84",,,,,"R$ 0,00"
Nuinvest,20/07/2023,Ação,CIEL3,C,"R$ 4,83",285,"R$ 1.376,55",,,,,"R$ 0,00"
Nuinvest,20/07/2023,Ação,PSSA3,C,"R$ 28,82",5,"R$ 144,10",,,,,"R$ 0,00"
Nuinvest,20/07/2023,Ação,PSSA3,C,"R$ 28,81",29,"R$ 835,49",,,,,"R$ 0,00"
Nuinvest,20/07/2023,Ação,PSSA3,C,"R$ 28,71",1,"R$ 28,71",,,,,"R$ 0,00"
Nuinvest,20/07/2023,Ação,PSSA3,C,"R$ 28,83",12,"R$ 345,96",,,,,"R$ 0,00"
Nuinvest,20/07/2023,Ação,SAPR4,C,"R$ 4,13",400,"R$ 1.652,00",,,,,"R$ 0,00"
Nuinvest,20/07/2023,Ação,SUZB3,C,"R$ 43,84",35,"R$ 1.534,40",,,,,"R$ 0,00"
Nuinvest,20/07/2023,FII,BCRI11,C,"R$ 76,49",3,"R$ 229,47",,,,,"R$ 0,00"
Nuinvest,20/07/2023,FII,BCRI11,C,"R$ 76,34",11,"R$ 839,74",,,,,"R$ 0,00"
Nuinvest,20/07/2023,FII,BCRI11,C,"R$ 76,50",2,"R$ 153,00",,,,,"R$ 0,00"
Nuinvest,20/07/2023,FII,BTCR11,C,"R$ 9,52",136,"R$ 1.294,72",,,,,"R$ 0,00"
Nuinvest,20/07/2023,FII,GGRC11,C,"R$ 120,05",1,"R$ 120,05",,,,,"R$ 0,00"
Nuinvest,20/07/2023,FII,GGRC11,C,"R$ 120,06",9,"R$ 1.080,54",,,,,"R$ 0,00"
Nuinvest,20/07/2023,FII,GGRC11,C,"R$ 120,04",1,"R$ 120,04",,,,,"R$ 0,00"
Nuinvest,20/07/2023,FII,HSML11,C,"R$ 91,85",15,"R$ 1.377,75",,,,,"R$ 0,00"
Nuinvest,20/07/2023,FII,JSRE11,C,"R$ 80,58",15,"R$ 1.208,70",,,,,"R$ 0,00"
Nuinvest,20/07/2023,FII,JSRE11,C,"R$ 80,59",1,"R$ 80,59",,,,,"R$ 0,00"
Nuinvest,20/07/2023,FII,KNCR11,C,"R$ 96,54",1,"R$ 96,54",,,,,"R$ 0,00"
Nuinvest,20/07/2023,FII,KNCR11,C,"R$ 96,60",5,"R$ 483,00",,,,,"R$ 0,00"
Nuinvest,20/07/2023,FII,KNCR11,C,"R$ 96,59",1,"R$ 96,59",,,,,"R$ 0,00"
Nuinvest,20/07/2023,FII,KNCR11,C,"R$ 96,53",4,"R$ 386,12",,,,,"R$ 0,00"
Nuinvest,20/07/2023,FII,KNCR11,C,"R$ 96,55",1,"R$ 96,55",,,,,"R$ 0,00"
Nuinvest,20/07/2023,FII,RBVA11,C,"R$ 108,50",3,"R$ 325,50",,,,,"R$ 0,00"
Nuinvest,20/07/2023,FII,RBVA11,C,"R$ 108,49",1,"R$ 108,49",,,,,"R$ 0,00"
Nuinvest,20/07/2023,FII,RBVA11,C,"R$ 108,51",6,"R$ 651,06",,,,,"R$ 0,00"
Nuinvest,20/07/2023,FII,RBVA11,C,"R$ 108,53",1,"R$ 108,53",,,,,"R$ 0,00"
Nuinvest,20/07/2023,FII,CVBI11,C,"R$ 92,44",10,"R$ 924,40",,,,,"R$ 0,00"
Nuinvest,20/07/2023,FII,CVBI11,C,"R$ 92,40",2,"R$ 184,80",,,,,"R$ 0,00"
Nuinvest,20/07/2023,FII,CVBI11,C,"R$ 92,42",2,"R$ 184,84",,,,,"R$ 0,00"
Nuinvest,20/07/2023,FII,CVBI11,C,"R$ 92,41",1,"R$ 92,41",,,,,"R$ 0,00"
Nuinvest,20/07/2023,Tesouro,Selic 2026,V,"R$ 13.511,86","3,11","R$ 42.021,88","R$ 13.222,13","R$ 901,06",,,"R$ 41.120,82"
Nuinvest,20/07/2023,Tesouro,IPCA+ 2045,C,"R$ 1.264,10","2,38","R$ 3.008,56",,,,,"R$ 0,00"
Nuinvest,22/06/2023,Ação,SAPR4,C,"R$ 4,36",636,"R$ 2.772,96",,,,,"R$ 0,00"
Nuinvest,22/06/2023,Ação,SAPR4,C,"R$ 4,37",59,"R$ 257,83",,,,,"R$ 0,00"
Nuinvest,22/06/2023,Ação,SUZB3,C,"R$ 45,86",2,"R$ 91,72",,,,,"R$ 0,00"
Nuinvest,22/06/2023,Ação,VALE3,C,"R$ 66,36",2,"R$ 132,72",,,,,"R$ 0,00"
Nuinvest,22/06/2023,Ação,VALE3,C,"R$ 66,55",3,"R$ 199,65",,,,,"R$ 0,00"
Nuinvest,22/06/2023,Ação,CIEL3,C,"R$ 4,63",648,"R$ 3.000,24",,,,,"R$ 0,00"
Nuinvest,22/06/2023,Ação,CIEL3,C,"R$ 4,62",2,"R$ 9,24",,,,,"R$ 0,00"
Nuinvest,22/06/2023,Ação,CMIG4,C,"R$ 12,57",200,"R$ 2.514,00",,,,,"R$ 0,00"
Nuinvest,22/06/2023,Ação,CMIG4,C,"R$ 12,58",40,"R$ 503,20",,,,,"R$ 0,00"
Nuinvest,22/06/2023,Ação,PSSA3,C,"R$ 27,43",110,"R$ 3.017,30",,,,,"R$ 0,00"
Nuinvest,22/06/2023,FII,RBVA11,C,"R$ 103,32",1,"R$ 103,32",,,,,"R$ 0,00"
Nuinvest,22/06/2023,FII,RBVA11,C,"R$ 103,33",3,"R$ 309,99",,,,,"R$ 0,00"
Nuinvest,22/06/2023,FII,RBVA11,C,"R$ 103,34",2,"R$ 206,68",,,,,"R$ 0,00"
Nuinvest,22/06/2023,FII,RBVA11,C,"R$ 103,35",5,"R$ 516,75",,,,,"R$ 0,00"
Nuinvest,22/06/2023,FII,RBVA11,C,"R$ 103,36",10,"R$ 1.033,60",,,,,"R$ 0,00"
Nuinvest,22/06/2023,FII,RBVA11,C,"R$ 103,37",5,"R$ 516,85",,,,,"R$ 0,00"
Nuinvest,22/06/2023,FII,RBVA11,C,"R$ 103,39",4,"R$ 413,56",,,,,"R$ 0,00"
Nuinvest,22/06/2023,FII,BCRI11,C,"R$ 78,80",4,"R$ 315,20",,,,,"R$ 0,00"
Nuinvest,22/06/2023,FII,BCRI11,C,"R$ 78,82",7,"R$ 551,74",,,,,"R$ 0,00"
Nuinvest,22/06/2023,FII,BTCR11,C,"R$ 9,20",57,"R$ 524,40",,,,,"R$ 0,00"
Nuinvest,22/06/2023,FII,CVBI11,C,"R$ 90,19",5,"R$ 450,95",,,,,"R$ 0,00"
Nuinvest,22/06/2023,FII,GGRC11,C,"R$ 119,84",3,"R$ 359,52",,,,,"R$ 0,00"
Nuinvest,22/06/2023,FII,GGRC11,C,"R$ 119,97",1,"R$ 119,97",,,,,"R$ 0,00"
Nuinvest,22/06/2023,FII,HSML11,C,"R$ 91,97",33,"R$ 3.035,01",,,,,"R$ 0,00"
Nuinvest,22/06/2023,FII,JSRE11,C,"R$ 78,89",39,"R$ 3.076,71",,,,,"R$ 0,00"
Nuinvest,22/06/2023,FII,KNCR11,C,"R$ 97,63",3,"R$ 292,89",,,,,"R$ 0,00"
Nuinvest,22/06/2023,FII,KNCR11,C,"R$ 97,90",5,"R$ 489,50",,,,,"R$ 0,00"
Nuinvest,22/06/2023,ETF,SPXI11,C,"R$ 224,36",57,"R$ 12.788,52",,,,,"R$ 0,00"
Nuinvest,22/06/2023,Tesouro,IPCA+ 2029,C,"R$ 3.053,96","0,82","R$ 2.504,25",,,,,"R$ 0,00"
Nuinvest,22/06/2023,Tesouro,Prefixado 2029,C,"R$ 566,45","8,83","R$ 5.001,75",,,,,"R$ 0,00"
Nuinvest,22/06/2023,Tesouro,Selic 2029,C,"R$ 13.284,48","0,38","R$ 5.048,10",,,,,"R$ 0,00"
Nuinvest,22/06/2023,Tesouro,Selic 2026,V,"R$ 13.374,72","3,74","R$ 50.021,45","R$ 13.222,13","R$ 570,69",,,"R$ 49.450,76"
Nuinvest,26/05/2023,FII,BCRI11,C,"R$ 80,00",31,"R$ 2.480,00",,,,,"R$ 0,00"
Nuinvest,26/05/2023,FII,BTCR11,C,"R$ 9,26",200,"R$ 1.852,00",,,,,"R$ 0,00"
Nuinvest,26/05/2023,FII,BTCR11,C,"R$ 9,27",70,"R$ 648,90",,,,,"R$ 0,00"
Nuinvest,26/05/2023,FII,CVBI11,C,"R$ 89,00",1,"R$ 89,00",,,,,"R$ 0,00"
Nuinvest,26/05/2023,FII,CVBI11,C,"R$ 89,01",27,"R$ 2.403,27",,,,,"R$ 0,00"
Nuinvest,26/05/2023,FII,GGRC11,C,"R$ 115,53",4,"R$ 462,12",,,,,"R$ 0,00"
Nuinvest,26/05/2023,FII,GGRC11,C,"R$ 115,54",5,"R$ 577,70",,,,,"R$ 0,00"
Nuinvest,26/05/2023,FII,GGRC11,C,"R$ 115,55",1,"R$ 115,55",,,,,"R$ 0,00"
Nuinvest,26/05/2023,FII,GGRC11,C,"R$ 115,59",3,"R$ 346,77",,,,,"R$ 0,00"
Nuinvest,26/05/2023,FII,GGRC11,C,"R$ 115,60",7,"R$ 809,20",,,,,"R$ 0,00"
Nuinvest,26/05/2023,FII,GGRC11,C,"R$ 115,87",2,"R$ 231,74",,,,,"R$ 0,00"
Nuinvest,26/05/2023,FII,KNCR11,C,"R$ 94,99",2,"R$ 189,98",,,,,"R$ 0,00"
Nuinvest,26/05/2023,FII,KNCR11,C,"R$ 95,00",24,"R$ 2.280,00",,,,,"R$ 0,00"
Nuinvest,26/05/2023,ETF,SPXI11,C,"R$ 225,75",27,"R$ 6.095,25",,,,,"R$ 0,00"
Nuinvest,22/05/2023,ETF,SPXI11,C,"R$ 224,38",28,"R$ 6.282,64",,,,,"R$ 0,00"
Nuinvest,22/05/2023,Tesouro,Selic 2026,C,"R$ 13.228,70","3,03","R$ 40.082,96",,,,,"R$ 0,00"
Nuinvest,19/05/2023,Ação,BBAS3,C,"R$ 21,84",128,"R$ 2.794,88",,,,,"R$ 0,00"
Nuinvest,19/05/2023,Ação,BBAS3,C,"R$ 21,84",10,"R$ 218,40",,,,,"R$ 0,00"
Nuinvest,19/05/2023,Ação,GGBR4,C,"R$ 23,94",100,"R$ 2.394,00",,,,,"R$ 0,00"
Nuinvest,19/05/2023,Ação,GGBR4,C,"R$ 23,95",26,"R$ 622,70",,,,,"R$ 0,00"
Nuinvest,19/05/2023,Ação,SUZB3,C,"R$ 45,50",66,"R$ 3.003,00",,,,,"R$ 0,00"
Nuinvest,19/05/2023,Ação,VALE3,C,"R$ 69,67",44,"R$ 3.065,48",,,,,"R$ 0,00"
Nuinvest,19/05/2023,Tesouro,Selic 2026,C,"R$ 13.221,94","3,79","R$ 50.111,15",,,,,"R$ 0,00"
Nuinvest,18/05/2023,Tesouro,Selic 2026,C,"R$ 13.213,71","2,28","R$ 30.127,26",,,,,"R$ 0,00"
Nuinvest,18/05/2023,Tesouro,IPCA+ 2029,C,"R$ 3.001,38","0,84","R$ 2.521,16",,,,,"R$ 0,00"
Nuinvest,18/05/2023,Tesouro,Prefixado 2029,C,"R$ 536,61","9,32","R$ 5.001,21",,,,,"R$ 0,00"
Nuinvest,18/05/2023,Tesouro,Selic 2029,C,"R$ 13.110,88","0,39","R$ 5.113,24",,,,,"R$ 0,00"
Inter,28/11/2023,USD,TLT,C,"R$ 445,91",1,"R$ 445,91",,,,,"R$ 0,00"
Inter,22/11/2023,USD,TLT,C,"R$ 445,67",2,"R$ 891,34",,,,,"R$ 0,00"
Inter,22/11/2023,USD,BIL,V,"R$ 450,03",1,"R$ 450,03","R$ 460,99","-R$ 10,96","-R$ 1,64",,"R$ 460,99"
Inter,08/11/2023,USD,BIL,C,"R$ 446,08",1,"R$ 446,08",,,,,"R$ 0,00"
Inter,03/11/2023,USD,BIL,C,"R$ 453,38",1,"R$ 453,38",,,,,"R$ 0,00"
Inter,01/11/2023,Ação,BBDC4,C,"R$ 14,04",22,"R$ 308,88",,,,,"R$ 0,00"
Inter,01/11/2023,Ação,CIEL3,C,"R$ 3,52",6,"R$ 21,12",,,,,"R$ 0,00"
Inter,01/11/2023,Ação,CMIG4,C,"R$ 12,14",3,"R$ 36,42",,,,,"R$ 0,00"
Inter,01/11/2023,Ação,GGBR4,C,"R$ 21,89",3,"R$ 65,67",,,,,"R$ 0,00"
Inter,01/11/2023,Ação,SUZB3,C,"R$ 51,58",2,"R$ 103,16",,,,,"R$ 0,00"
Inter,01/11/2023,FII,BCRI11,C,"R$ 67,93",2,"R$ 135,86",,,,,"R$ 0,00"
Inter,01/11/2023,FII,GGRC11,C,"R$ 113,31",1,"R$ 113,31",,,,,"R$ 0,00"
Inter,01/11/2023,FII,HSML11,C,"R$ 90,93",1,"R$ 90,93",,,,,"R$ 0,00"
Inter,01/11/2023,FII,JSRE11,C,"R$ 69,63",2,"R$ 139,26",,,,,"R$ 0,00"
Inter,01/11/2023,FII,KNCR11,C,"R$ 100,64",1,"R$ 100,64",,,,,"R$ 0,00"
Inter,31/10/2023,Tesouro,IPCA+ 2029,C,"R$ 3.041,90","0,04","R$ 121,68",,,,,"R$ 0,00"
Inter,31/10/2023,Tesouro,Prefixado 2029,C,"R$ 568,17","0,37","R$ 210,22",,,,,"R$ 0,00"
Inter,31/10/2023,Tesouro,Selic 2026,C,"R$ 14.010,80","0,01","R$ 140,11",,,,,"R$ 0,00"
Inter,30/10/2023,Tesouro,Selic 2026,C,"R$ 14.004,29","0,01","R$ 140,04",,,,,"R$ 0,00"
Inter,30/10/2023,Tesouro,Prefixado 2029,C,"R$ 565,83","0,2","R$ 113,17",,,,,"R$ 0,00"
Inter,23/10/2023,Ação,CIEL3,C,"R$ 3,69",17,"R$ 62,73",,,,,"R$ 0,00"
Inter,23/10/2023,Ação,CMIG4,C,"R$ 11,94",4,"R$ 47,76",,,,,"R$ 0,00"
Inter,23/10/2023,Ação,GGBR4,C,"R$ 21,75",4,"R$ 87,00",,,,,"R$ 0,00"
Inter,23/10/2023,Ação,TRPL4,C,"R$ 22,52",14,"R$ 315,28",,,,,"R$ 0,00"
Inter,23/10/2023,Ação,VALE3,C,"R$ 62,53",1,"R$ 62,53",,,,,"R$ 0,00"
Inter,05/10/2023,USD,BIL,C,"R$ 472,89",1,"R$ 472,89",,,,,"R$ 0,00"
Inter,04/10/2023,USD,BIL,C,"R$ 471,63",1,"R$ 471,63",,,,,"R$ 0,00"
Inter,04/10/2023,USD,TLT,C,"R$ 442,91",1,"R$ 442,91",,,,,"R$ 0,00"
Inter,04/10/2023,USD,SHY,V,"R$ 416,46",1,"R$ 416,46","R$ 395,29","R$ 21,17","R$ 3,18",,"R$ 395,29"
Inter,25/09/2023,FII,BCRI11,C,"R$ 70,32",3,"R$ 210,96",,,,,"R$ 0,00"
Inter,25/09/2023,FII,GGRC11,C,"R$ 117,00",2,"R$ 234,00",,,,,"R$ 0,00"
Inter,25/09/2023,FII,HSML11,C,"R$ 94,24",2,"R$ 188,48",,,,,"R$ 0,00"
Inter,25/09/2023,FII,JSRE11,C,"R$ 78,11",2,"R$ 156,22",,,,,"R$ 0,00"
Inter,25/09/2023,FII,KNCR11,C,"R$ 99,76",2,"R$ 199,52",,,,,"R$ 0,00"
Inter,21/09/2023,Tesouro,IPCA+ 2029,C,"R$ 3.090,13","0,03","R$ 92,70",,,,,"R$ 0,00"
Inter,21/09/2023,Tesouro,Prefixado 2029,C,"R$ 574,65","0,18","R$ 103,44",,,,,"R$ 0,00"
Inter,21/09/2023,Ação,SUZB3,V,"R$ 56,14",2,"R$ 112,28","R$ 45,06","R$ 22,16","R$ 3,32",Isen. 10k Set,"R$ 90,12"
Inter,21/09/2023,Ação,VALE3,C,"R$ 67,65",2,"R$ 135,30",,,,,"R$ 0,00"
Inter,21/09/2023,Ação,GGBR4,C,"R$ 24,35",7,"R$ 170,45",,,,,"R$ 0,00"
Inter,21/09/2023,Ação,CMIG4,C,"R$ 12,94",4,"R$ 51,76",,,,,"R$ 0,00"
Inter,21/09/2023,Ação,BBAS3,C,"R$ 23,30",4,"R$ 93,18",,,,,"R$ 0,00"
Inter,21/09/2023,Ação,CIEL3,C,"R$ 3,28",20,"R$ 65,60",,,,,"R$ 0,00"
Inter,28/08/2023,USD,IVV,C,"R$ 2.185,35",1,"R$ 2.185,35",,,,,"R$ 0,00"
Inter,28/08/2023,USD,SHY,C,"R$ 395,29",1,"R$ 395,29",,,,,"R$ 0,00"
Inter,28/08/2023,USD,TLT,C,"R$ 467,96",1,"R$ 467,96",,,,,"R$ 0,00"
Inter,28/08/2023,Ação,CIEL3,C,"R$ 3,77",72,"R$ 271,44",,,,,"R$ 0,00"
Inter,22/08/2023,ETF,SPXI11,V,"R$ 233,06",11,"R$ 2.563,66","R$ 224,11","R$ 98,47","R$ 14,77",Darf setembro,"R$ 2.465,19"
Inter,21/07/2023,Ação,BBAS3,C,"R$ 24,26",8,"R$ 194,08",,,,,"R$ 0,00"
Inter,21/07/2023,Ação,GGBR4,C,"R$ 27,18",8,"R$ 217,44",,,,,"R$ 0,00"
Inter,21/07/2023,Ação,SUZB3,C,"R$ 44,04",6,"R$ 264,24",,,,,"R$ 0,00"
Inter,21/07/2023,Ação,VALE3,C,"R$ 67,78",3,"R$ 203,34",,,,,"R$ 0,00"
Inter,21/07/2023,FII,BCRI11,C,"R$ 76,70",1,"R$ 76,70",,,,,"R$ 0,00"
Inter,21/07/2023,FII,HSML11,C,"R$ 92,25",1,"R$ 92,25",,,,,"R$ 0,00"
Inter,21/07/2023,FII,JSRE11,C,"R$ 80,16",1,"R$ 80,16",,,,,"R$ 0,00"
Inter,26/06/2023,ETF,SPXI11,C,"R$ 223,75",2,"R$ 447,50",,,,,"R$ 0,00"
Inter,31/05/2023,FII,HSML11,C,"R$ 88,04",6,"R$ 528,24",,,,,"R$ 0,00"
Inter,30/05/2023,Ação,BBAS3,C,"R$ 22,25",24,"R$ 533,88",,,,,"R$ 0,00"
Inter,30/05/2023,Ação,CMIG4,C,"R$ 11,88",43,"R$ 510,84",,,,,"R$ 0,00"
Inter,30/05/2023,Ação,VALE3,C,"R$ 64,24",8,"R$ 513,92",,,,,"R$ 0,00"
Inter,30/05/2023,FII,BCRI11,C,"R$ 79,56",7,"R$ 556,92",,,,,"R$ 0,00"
Inter,30/05/2023,FII,GGRC11,C,"R$ 116,29",5,"R$ 581,45",,,,,"R$ 0,00"
Inter,30/05/2023,FII,JSRE11,C,"R$ 73,28",7,"R$ 512,96",,,,,"R$ 0,00"
Inter,30/05/2023,FII,KNCR11,C,"R$ 95,00",6,"R$ 570,00",,,,,"R$ 0,00"
Inter,29/05/2023,Ação,GGBR4,C,"R$ 25,00",20,"R$ 500,00",,,,,"R$ 0,00"
Inter,29/05/2023,Ação,SUZB3,C,"R$ 45,61",4,"R$ 182,44",,,,,"R$ 0,00"
Inter,29/05/2023,Ação,SUZB3,C,"R$ 45,62",7,"R$ 319,34",,,,,"R$ 0,00"
Inter,29/05/2023,Tesouro,Selic 2026,C,"R$ 13.263,25","0,08","R$ 1.061,06",,,,,"R$ 0,00"
Inter,29/05/2023,Tesouro,Prefixado 2029,C,"R$ 546,12","1,84","R$ 1.004,86",,,,,"R$ 0,00"
Inter,29/05/2023,Tesouro,IPCA+ 2029,C,"R$ 3.019,33","0,17","R$ 513,29",,,,,"R$ 0,00"
Inter,26/01/2022,ETF,SPXI11,C,"R$ 254,35",2,"R$ 508,70",,,,,"R$ 0,00"
Inter,08/11/2021,ETF,SPXI11,C,"R$ 277,50",1,"R$ 277,50",,,,,"R$ 0,00"
Inter,04/03/2021,ETF,SPXI11,C,"R$ 224,24",1,"R$ 224,24",,,,,"R$ 0,00"
Inter,11/12/2020,ETF,SPXI11,C,"R$ 195,89",1,"R$ 195,89",,,,,"R$ 0,00"
Inter,04/12/2020,ETF,SPXI11,C,"R$ 201,92",1,"R$ 201,92",,,,,"R$ 0,00"
Inter,25/11/2020,ETF,SPXI11,C,"R$ 204,60",1,"R$ 204,60",,,,,"R$ 0,00"
Inter,18/11/2020,ETF,SPXI11,C,"R$ 202,65",1,"R$ 202,65",,,,,"R$ 0,00"
Inter,10/11/2020,ETF,SPXI11,C,"R$ 202,19",1,"R$ 202,19",,,,,"R$ 0,00"